displayName,__typename,SuppliesCodeGroup.groupName,SuppliesCodePrice.taxItemType,SuppliesCodePrice.appearancePrice
오가닉(2kg),SuppliesCode,JG. 프루너스(Dr.healmedix),1,28000
오가닉(6kg),SuppliesCode,JG. 프루너스(Dr.healmedix),1,70000
로얄캐닌 처방식- feline urinary (dry3.5kg),SuppliesCode,KC. 로얄캐닌,1,57200
schnauzer adult 25,SuppliesCode,JE. 로얄,1,35000
프로플랜 토이브리드(성견),SuppliesCode,JB. 퓨리나,1,15000
canine baby starter(moist),SuppliesCode,JE. 로얄,1,2500
로얄캐닌 처방식- canine urinary s/o small dog(1.5kg),SuppliesCode,KC. 로얄캐닌,1,28600
canine puppy (15.9kg),SuppliesCode,JA. 힐스,1,79000
로얄캐닌 처방식- canine renal (moist),SuppliesCode,KC. 로얄캐닌,1,6000
항산화제 - Pro Active,SuppliesCode,MA. 용품,1,33000
kamdown(행동관리보조제),SuppliesCode,MA. 용품,1,30000
스토모액트_S,SuppliesCode,MA. 용품,1,12000
[치과]스토모액트_L,SuppliesCode,MA. 용품,1,32000
프로첼/아토케어츄200g,SuppliesCode,MA. 용품,1,15000
프로첼/조인트츄 200g,SuppliesCode,MA. 용품,1,18000
프로첼/비타츄 300g,SuppliesCode,MA. 용품,1,20000
베트컴/덴티스 스타,SuppliesCode,MA. 용품,1,10000
콘드로 프로텍,SuppliesCode,MA. 용품,1,33000
글루콘,SuppliesCode,MA. 용품,1,33000
오메가덤30,SuppliesCode,MA. 용품,1,27000
오메가덤3,SuppliesCode,MA. 용품,1,3000
자연애 숯불사사미70g,SuppliesCode,MA. 용품,1,2000
자연애 덤벨사사미 70g,SuppliesCode,MA. 용품,1,2000
자연애 고구마 치킨 70g,SuppliesCode,MA. 용품,1,2000
자연애 비스켓사사미 4p,SuppliesCode,MA. 용품,1,1000
자연애 치즈호박스틱닭갈비70g,SuppliesCode,MA. 용품,1,2000
시그니처바이_츄르_p/a_반려묘_박스,SuppliesCode,MA. 용품,1,7500
자연애 오리져키바 260g,SuppliesCode,MA. 용품,1,10000
자연애 고구마 치킨져키 70g,SuppliesCode,MA. 용품,1,2000
자연애 치즈사사미 260g,SuppliesCode,MA. 용품,1,10000
자연애 치즈 닭갈비 260g,SuppliesCode,MA. 용품,1,10000
자연애 혼합미니 닭갈비260g,SuppliesCode,MA. 용품,1,10000
자연애 고구마 치킨져키 260g,SuppliesCode,MA. 용품,1,10000
베트컴/덴티스츄,SuppliesCode,MA. 용품,1,20000
[처방]구강소독액 스프레이(Chlorhexidine),SuppliesCode,MA. 용품,1,9900
바이오그룸 프로테인라놀린샴푸,SuppliesCode,MA. 용품,1,15000
켓 슈퍼 화이트,SuppliesCode,MA. 용품,1,12000
슈퍼화이트샴푸,SuppliesCode,MA. 용품,1,13000
바이오그룸 실크크림린스,SuppliesCode,MA. 용품,1,15000
자연애 우유 5p,SuppliesCode,MA. 용품,1,1500
자연애 우유2p,SuppliesCode,MA. 용품,1,1500
트레져 치킨라이스,SuppliesCode,MA. 용품,1,2000
헬로도기 닭가슴살 300g,SuppliesCode,MA. 용품,1,10000
쌀튀밥사사미500g,SuppliesCode,MA. 용품,1,12000
자연애 일반5p,SuppliesCode,MA. 용품,1,1500
자연애 일반2p,SuppliesCode,MA. 용품,1,1500
시그니처바이_츄르_a/a_반려견_개당,SuppliesCode,MA. 용품,1,1700
자연애 먼치 10p,SuppliesCode,MA. 용품,1,1000
시그니처바이_츄르_a/a_반려묘_박스,SuppliesCode,MA. 용품,1,7500
펫스타일 투인원 샴푸,SuppliesCode,MA. 용품,1,10000
[처방]기능성유산균_세레니케어(serenicare) 1포,SuppliesCode,MA. 용품,1,1300
후레쉬엔크린 오트밀컨디셔너,SuppliesCode,MA. 용품,1,14000
후레쉬엔크린 크림린스,SuppliesCode,MA. 용품,1,14000
후레쉬엔크린 스노위코트 화이트닝 샴푸,SuppliesCode,MA. 용품,1,14000
후레쉬엔크린 2in1 베이비파우더 샴푸,SuppliesCode,MA. 용품,1,14000
후레쉬엔크린 오트밀샴푸,SuppliesCode,MA. 용품,1,14000
심플쉐드 트리트먼트,SuppliesCode,MA. 용품,1,14000
에스프리 핫 스팟 폼,SuppliesCode,MA. 용품,1,16000
에스프리 아이워시,SuppliesCode,MA. 용품,1,12000
에스프리 레인 포레스트 코롱,SuppliesCode,MA. 용품,1,10000
에스프리 럭셔리 리모이스쳐 라이져,SuppliesCode,MA. 용품,1,14000
에스프리 오트밀 베이킹소다 샴푸,SuppliesCode,MA. 용품,1,14000
에스프리 키튼 샴푸,SuppliesCode,MA. 용품,1,13000
레인포레스트 샴푸,SuppliesCode,MA. 용품,1,13000
유린 오프,SuppliesCode,MA. 용품,1,16000
은나노 탈취제(라벤다),SuppliesCode,MA. 용품,1,10000
은나노 탈취제(베이비파우다),SuppliesCode,MA. 용품,1,10000
굿프렌즈 참치&헤어볼,SuppliesCode,MA. 용품,1,1500
굿프렌즈 참치&연어,SuppliesCode,MA. 용품,1,1500
굿프렌즈 참치&게살,SuppliesCode,MA. 용품,1,1500
굿프렌즈 참치&새우,SuppliesCode,MA. 용품,1,1500
자연애 닭고기&통새우,SuppliesCode,MA. 용품,1,1500
자연애 닭고기&소고기,SuppliesCode,MA. 용품,1,1500
자연애 닭고기&라이스,SuppliesCode,MA. 용품,1,1500
자연애 닭고기,SuppliesCode,MA. 용품,1,1500
러브미 소고기,SuppliesCode,MA. 용품,1,1500
러브미 닭고기,SuppliesCode,MA. 용품,1,1500
러브미 양고기,SuppliesCode,MA. 용품,1,1500
칼리 마사지 부러쉬,SuppliesCode,MA. 용품,1,10000
리틀 똥추,SuppliesCode,MA. 용품,1,2000
천 머즐,SuppliesCode,MA. 용품,1,6000
일제슬리커 (s),SuppliesCode,MA. 용품,1,7000
일제슬리커(M),SuppliesCode,MA. 용품,1,10000
일제 고무 부러쉬,SuppliesCode,MA. 용품,1,12000
헬로도기 회전 일자빗,SuppliesCode,MA. 용품,1,10000
헬로도기 가위발톱깍기,SuppliesCode,MA. 용품,1,5000
헬로도기 집게 발톱깍기,SuppliesCode,MA. 용품,1,8000
헬로도기 참빗,SuppliesCode,MA. 용품,1,5000
벨버드 젖병,SuppliesCode,MA. 용품,1,4000
그리니즈 고양이 연어맛,SuppliesCode,MA. 용품,1,4000
그리니즈 고양이 참치맛,SuppliesCode,MA. 용품,1,4000
베지터블 츄(당근),SuppliesCode,MA. 용품,1,2000
케티맨 사사미 타쿠미새우,SuppliesCode,MA. 용품,1,2500
케티맨 게살 슬라이스,SuppliesCode,MA. 용품,1,5000
비타 요구르트 드롭스,SuppliesCode,MA. 용품,1,10000
그리니즈 페티 10p,SuppliesCode,MA. 용품,1,17000
그리니즈 티니 22p,SuppliesCode,MA. 용품,1,17000
"서플메이트(뼈,관절)",SuppliesCode,MA. 용품,1,5000
서플메이트(심신안정),SuppliesCode,MA. 용품,1,5000
아수쿠 멸치간식,SuppliesCode,MA. 용품,1,10000
도기맨 사사미 소프트립,SuppliesCode,MA. 용품,1,5000
도기맨 훈제치킨앤 치즈 400g,SuppliesCode,MA. 용품,1,10000
사사미 야채피쉬,SuppliesCode,MA. 용품,1,4000
양고기 스틱,SuppliesCode,MA. 용품,1,3000
바우와우 혼합,SuppliesCode,MA. 용품,1,3000
치즈스틱9p,SuppliesCode,MA. 용품,1,5000
칼로리 컷 치즈,SuppliesCode,MA. 용품,1,4000
쮸빼 쿠키,SuppliesCode,MA. 용품,1,1200
마야 2구 식기,SuppliesCode,MA. 용품,1,4000
마야 2구식기,SuppliesCode,MA. 용품,1,2500
칼리 고양이 장난감,SuppliesCode,MA. 용품,1,6000
칼리 고양이 장난감,SuppliesCode,MA. 용품,1,5000
펫쿡 1p본,SuppliesCode,MA. 용품,1,3000
고양이 모래삽,SuppliesCode,MA. 용품,1,3000
칼리 고양이 자동 장난감,SuppliesCode,MA. 용품,1,8000
칼리 내추럴 고양이 장난감,SuppliesCode,MA. 용품,1,3500
피터펫 양고기 핫도그,SuppliesCode,MA. 용품,1,9000
피터펫오리고기범벅,SuppliesCode,MA. 용품,1,9000
피터펫 치킨 핫도그,SuppliesCode,MA. 용품,1,9000
와우 물티슈,SuppliesCode,MA. 용품,1,5000
캣닢,SuppliesCode,MA. 용품,1,5000
칫솔,SuppliesCode,MA. 용품,1,2000
모이스트 버거,SuppliesCode,MA. 용품,1,1000
해우소패드 50매,SuppliesCode,MA. 용품,1,13000
요요쉬 초대형 패드 20매,SuppliesCode,MA. 용품,1,13000
프루너스 이어크리닉 패드(EAR CLINIC PADS) / 이어패드,SuppliesCode,MA. 용품,1,12000
가죽 하네스(소),SuppliesCode,MA. 용품,1,25000
가죽하네스(중),SuppliesCode,MA. 용품,1,35000
가죽하네스(대)45,SuppliesCode,MA. 용품,1,45000
초크체인 14inch,SuppliesCode,MA. 용품,1,18000
초크체인 16inch,SuppliesCode,MA. 용품,1,20000
초크체인 12inch,SuppliesCode,MA. 용품,1,22000
초크체인 18inch,SuppliesCode,MA. 용품,1,20000
초크체인 22inch,SuppliesCode,MA. 용품,1,24000
초크체인 20inch,SuppliesCode,MA. 용품,1,24000
초크체인 28inch,SuppliesCode,MA. 용품,1,43000
가슴줄(소),SuppliesCode,MA. 용품,1,6000
가슴줄(중),SuppliesCode,MA. 용품,1,8000
가죽목줄(소),SuppliesCode,MA. 용품,1,10000
가죽목줄(중),SuppliesCode,MA. 용품,1,15000
가죽목줄(대),SuppliesCode,MA. 용품,1,16000
가죽목줄(특대),SuppliesCode,MA. 용품,1,20000
고양이장난감5,SuppliesCode,MA. 용품,1,5000
고양이 장난감6,SuppliesCode,MA. 용품,1,6000
고양이 장난감18,SuppliesCode,MA. 용품,1,18000
푸르미 식기 물병,SuppliesCode,MA. 용품,1,15000
수컷기저귀~1.8kg,SuppliesCode,MA. 용품,1,2000
목줄(소),SuppliesCode,MA. 용품,1,4000
목줄set(소),SuppliesCode,MA. 용품,1,10000
가슴줄 set(소),SuppliesCode,MA. 용품,1,10000
목줄set(소),SuppliesCode,MA. 용품,1,7000
가슴줄 set(중),SuppliesCode,MA. 용품,1,15000
애견신발,SuppliesCode,MA. 용품,1,18000
일반식기2구,SuppliesCode,MA. 용품,1,2000
스텐식기(소) 8oz,SuppliesCode,MA. 용품,1,4000
스텐식기(중) 16oz,SuppliesCode,MA. 용품,1,6000
고급 원목 식기,SuppliesCode,MA. 용품,1,25000
스타일 가슴줄,SuppliesCode,MA. 용품,1,15000
에어메쉬 가슴줄,SuppliesCode,MA. 용품,1,15000
비타 토끼사료(레귤러),SuppliesCode,MA. 용품,1,10000
비타 토끼 사료(키즈),SuppliesCode,MA. 용품,1,10000
헤미배딩(톱밥),SuppliesCode,MA. 용품,1,5000
알팔파,SuppliesCode,MA. 용품,1,5000
비타 햄스터 메뉴,SuppliesCode,MA. 용품,1,5000
비타 토끼메뉴,SuppliesCode,MA. 용품,1,9000
스페셜 건강 혼합사료,SuppliesCode,MA. 용품,1,4000
조이스틱 (토끼사료),SuppliesCode,MA. 용품,1,4000
아이리스 고양이 토일렛(소),SuppliesCode,MA. 용품,1,27000
아이리스 고양이 토일렛(대),SuppliesCode,MA. 용품,1,55000
푸르미 토일렛,SuppliesCode,MA. 용품,1,10000
푸르미 토일렛(망),SuppliesCode,MA. 용품,1,15000
아이리스 이동장 BL-460,SuppliesCode,MA. 용품,1,48000
에스비락 초유,SuppliesCode,MA. 용품,1,12000
펫츠 오운,SuppliesCode,MA. 용품,1,3500
고양이초유,SuppliesCode,MA. 용품,1,12000
방석25000,SuppliesCode,MA. 용품,1,25000
방석28000,SuppliesCode,MA. 용품,1,28000
방석30000,SuppliesCode,MA. 용품,1,30000
방석32000,SuppliesCode,MA. 용품,1,32000
방석45000,SuppliesCode,MA. 용품,1,45000
버버리체크가방 S,SuppliesCode,MA. 용품,1,27000
버버리체크가방 M,SuppliesCode,MA. 용품,1,32000
버버리체크가방 L,SuppliesCode,MA. 용품,1,37000
플랙시3m(xs),SuppliesCode,MA. 용품,1,30000
플렉시5m(s),SuppliesCode,MA. 용품,1,35000
덴티스츄1p,SuppliesCode,MA. 용품,1,2000
다이어트츄 2p,SuppliesCode,MA. 용품,1,3000
조인트츄1p,SuppliesCode,MA. 용품,1,2000
비타츄1p,SuppliesCode,MA. 용품,1,1500
자연애 소세지,SuppliesCode,MA. 용품,1,300
암엔헤머 슈퍼 스쿱,SuppliesCode,MA. 용품,1,21000
로얄켓 모래,SuppliesCode,MA. 용품,1,10000
캣닢 볼,SuppliesCode,MA. 용품,1,14000
라텍스 축구공,SuppliesCode,MA. 용품,1,4000
자연애 닭고기&게맛살,SuppliesCode,MA. 용품,1,1500
시그니처바이_츄르_p/a_반려견_개당,SuppliesCode,MA. 용품,1,1700
유린오프 캣,SuppliesCode,MA. 용품,1,16000
장난감2000,SuppliesCode,MA. 용품,1,2000
장난감3000,SuppliesCode,MA. 용품,1,3000
장난감4000,SuppliesCode,MA. 용품,1,4000
장난감5000,SuppliesCode,MA. 용품,1,5000
장난감6000,SuppliesCode,MA. 용품,1,6000
치즈호박닭갈비260g,SuppliesCode,MA. 용품,1,10000
헬로도기 오리가슴살 400g,SuppliesCode,MA. 용품,1,10000
티뮨스틱 2p,SuppliesCode,MA. 용품,1,3000
티뮨스틱16p,SuppliesCode,MA. 용품,1,20000
이뮤노벳CN,SuppliesCode,MA. 용품,1,2500
플렉시 미니 퍼플,SuppliesCode,MA. 용품,1,20000
플렉시 미니 레드,SuppliesCode,MA. 용품,1,20000
플렉시 밴드 블루,SuppliesCode,MA. 용품,1,35000
플렉시 베이직 블루,SuppliesCode,MA. 용품,1,35000
플렉시 엘레강스 화이트,SuppliesCode,MA. 용품,1,40000
플렉시 엘레강스 퍼플,SuppliesCode,MA. 용품,1,40000
레스폰스 FP(1.2kg),SuppliesCode,KE. 에스틴,1,24200
훈제치킨 170g,SuppliesCode,MA. 용품,1,5000
ANF 우유먼치,SuppliesCode,MA. 용품,1,3500
헬로탈취제(라벤더),SuppliesCode,MA. 용품,1,10000
헬로탈취제(파파야),SuppliesCode,MA. 용품,1,10000
주전부리/소고기,SuppliesCode,MA. 용품,1,1500
주전부리/오리고기,SuppliesCode,MA. 용품,1,1500
디럭스 락,SuppliesCode,MA. 용품,1,12000
Easy Clean 모래 (9.07kg),SuppliesCode,MA. 용품,1,25000
쮸뻬쿠키(바닐라),SuppliesCode,MA. 용품,1,12000
쮸뻬쿠키(고구마),SuppliesCode,MA. 용품,1,12000
휘트 파우치,SuppliesCode,JE. 로얄,1,1500
퓨리나_팬시피스트 흰살생선,SuppliesCode,JE. 로얄,1,2400
빅패드(30매),SuppliesCode,MA. 용품,1,15000
주전부리/닭고기,SuppliesCode,MA. 용품,1,1500
주전부리/양고기,SuppliesCode,MA. 용품,1,1500
헬로도기우유껌7,SuppliesCode,MA. 용품,1,2000
사이언스-라이트(7.5kg),SuppliesCode,JA. 힐스,1,55000
헬시오메가연어간식,SuppliesCode,MA. 용품,1,18000
헬시오메가오리간식,SuppliesCode,MA. 용품,1,18000
베네플 치킨메들리(주식캔 283g),SuppliesCode,MA. 용품,1,4500
방석 54000,SuppliesCode,MA. 용품,1,54000
화이트밀크스틱,SuppliesCode,MA. 용품,1,6000
치킨스틱,SuppliesCode,MA. 용품,1,6000
아이리스이동장,SuppliesCode,MA. 용품,1,45000
시아오 사사미(까스오),SuppliesCode,MA. 용품,1,4000
시아오 사사미(해물),SuppliesCode,MA. 용품,1,4000
칫솔2ea,SuppliesCode,MA. 용품,1,4000
칼리 고양이장난감,SuppliesCode,MA. 용품,1,10000
칼리고양이장난감,SuppliesCode,MA. 용품,1,10000
비타 미네랄 스톤,SuppliesCode,MA. 용품,1,6000
쏘아베 물티슈,SuppliesCode,MA. 용품,1,5000
쏘아베 먹는치약 (성견용),SuppliesCode,MA. 용품,1,8000
네오크린 모래,SuppliesCode,MA. 용품,1,10000
손가락칫솔,SuppliesCode,MA. 용품,1,5000
하림/양고기사사미,SuppliesCode,MA. 용품,1,3000
하림/오리고기사사미,SuppliesCode,MA. 용품,1,3000
시그니처바이_츄르_a/a_반려묘_개당,SuppliesCode,MA. 용품,1,1700
휘트 파우치(젤리),SuppliesCode,MA. 용품,1,1500
톱밥,SuppliesCode,MA. 용품,1,6000
티모시,SuppliesCode,MA. 용품,1,12000
센스업패드50매,SuppliesCode,MA. 용품,1,13000
캐나다리터(CANADA  LITTER),SuppliesCode,MA. 용품,1,15000
내추럴발란스 롤(칠면조),SuppliesCode,MA. 용품,1,3000
비타 캣 스틱 - 연어&송어,SuppliesCode,MA. 용품,1,3000
자연애사사미5p,SuppliesCode,MA. 용품,1,2500
자연애덤벨,SuppliesCode,MA. 용품,1,2000
비타소세지,SuppliesCode,MA. 용품,1,6000
ANF-고양이 오가닉 (800g),SuppliesCode,JG. 프루너스(Dr.healmedix),1,13000
쏘아베 먹는치약 (자견용),SuppliesCode,MA. 용품,1,8000
Dental Health,SuppliesCode,MA. 용품,1,3000
레스폰스 FP(2.72kg),SuppliesCode,KE. 에스틴,1,36300
사사미 치킨피쉬,SuppliesCode,MA. 용품,1,5000
캣닢 볼,SuppliesCode,MA. 용품,1,6000
헤어볼 키티몰트,SuppliesCode,MA. 용품,1,10000
비스켓 사사미70g,SuppliesCode,MA. 용품,1,1000
치약_스토모액트BEO (베오),SuppliesCode,MA. 용품,1,24000
테니스공,SuppliesCode,MA. 용품,1,5000
맛있는 오리고기,SuppliesCode,MA. 용품,1,10000
굿프레즈참치&치어,SuppliesCode,MA. 용품,1,1500
사바치킨 150g,SuppliesCode,MA. 용품,1,6000
시아오 사사미(게살맛),SuppliesCode,MA. 용품,1,4000
로얄캐닌 처방식- canine urinary(moist),SuppliesCode,KC. 로얄캐닌,1,2700
시그니처바이_오라뮨스틱(1ea),SuppliesCode,MA. 용품,1,1500
자연애 오리져키바,SuppliesCode,MA. 용품,1,10000
인식표(35cm),SuppliesCode,MA. 용품,1,16000
인식표(35cm이상),SuppliesCode,MA. 용품,1,17000
인식표(45cm),SuppliesCode,MA. 용품,1,17000
인식표(45cm이상),SuppliesCode,MA. 용품,1,18000
켓닢 액,SuppliesCode,MA. 용품,1,14000
오리고기 콤보,SuppliesCode,MA. 용품,1,3000
레스폰스 FP(6.80kg),SuppliesCode,KE. 에스틴,1,82500
해우소패드50매,SuppliesCode,MA. 용품,1,13000
뉴트리오 베이비독,SuppliesCode,MA. 용품,1,13000
KLINIX)알로센트릭(Allocentric)_1T,SuppliesCode,MA. 용품,1,2200
알로빈오트밀컨디셔너,SuppliesCode,MA. 용품,1,15400
발톱가위(cattyman),SuppliesCode,MA. 용품,1,6000
사사미 야채빵,SuppliesCode,MA. 용품,1,3000
더그린 치즈슬라이스,SuppliesCode,MA. 용품,1,5000
영양간식 클로렐라,SuppliesCode,MA. 용품,1,3000
사사미 치즈 밀퓨,SuppliesCode,MA. 용품,1,5000
바우와우 치즈소세지,SuppliesCode,MA. 용품,1,4000
간식타임 치킨치즈범벅,SuppliesCode,MA. 용품,1,4000
사사미햄 슬라이스,SuppliesCode,MA. 용품,1,5000
시그니처바이_a/a_반려견_개당,SuppliesCode,KD. 퓨리나,1,1700
시그니처바이_a/a_반려묘_개당,SuppliesCode,KD. 퓨리나,1,1700
스텐식기(대) 32oz,SuppliesCode,MA. 용품,1,8000
go 연어&오트밀 3.63kg,SuppliesCode,JL. go,1,38000
시그니처바이_오라뮨스틱(1pack/30ea),SuppliesCode,MA. 용품,1,36000
시그니처바이_타히보(1box),SuppliesCode,MA. 용품,1,11000
시그니처바이_타히보(1ea),SuppliesCode,MA. 용품,1,1500
시그니처바이_오라뮨캔(1ea),SuppliesCode,MA. 용품,1,2000
금의타시캔-사사미&치어&조개(14년↑),SuppliesCode,MA. 용품,1,2000
도그빼로-양고기,SuppliesCode,MA. 용품,1,12000
도그빼로-오리고기,SuppliesCode,MA. 용품,1,12000
도그빼로-닭고기,SuppliesCode,MA. 용품,1,12000
티뮨스틱,SuppliesCode,MA. 용품,1,20000
Monge - 칠면조,SuppliesCode,MA. 용품,1,1500
Monge - 오리,SuppliesCode,MA. 용품,1,1500
Monge - 연어,SuppliesCode,MA. 용품,1,1500
Monge - 치킨,SuppliesCode,MA. 용품,1,1500
치킨 통갈비,SuppliesCode,MA. 용품,1,10000
소고기 통갈비,SuppliesCode,MA. 용품,1,10000
껌 박스_프리벤티스(Preventeeth)_소형견용(S),SuppliesCode,MA. 용품,1,20000
장난감 - 닭 삑삑이,SuppliesCode,MA. 용품,1,2000
장난감 - 신발,SuppliesCode,MA. 용품,1,3000
ANF-홀리스틱 유산균 (1.36kg),SuppliesCode,JG. 프루너스(Dr.healmedix),1,14000
ANF-홀리스틱 시니어 (1.36kg),SuppliesCode,JG. 프루너스(Dr.healmedix),1,13000
양고기 콤보,SuppliesCode,MA. 용품,1,3000
닭모래집,SuppliesCode,MA. 용품,1,3000
통 닭가슴살,SuppliesCode,MA. 용품,1,5000
시그니처바이_츄르_p/a_반려묘_개당,SuppliesCode,MA. 용품,1,1700
껌 낱개_프리벤티스(Preventeeth)_대형견용(L),SuppliesCode,MA. 용품,1,2500
더그린 치킨야채,SuppliesCode,MA. 용품,1,5000
간식타임 오리고기범벅,SuppliesCode,MA. 용품,1,4000
양고기 통갈비,SuppliesCode,MA. 용품,1,10000
Pegetables-샐러리,SuppliesCode,MA. 용품,1,2000
Pegetables-당근,SuppliesCode,MA. 용품,1,2000
Pegetables-옥수수,SuppliesCode,MA. 용품,1,2000
사운드볼,SuppliesCode,MA. 용품,1,5000
벳-클로 샴푸,SuppliesCode,GD. 피부과약품,1,11000
촉촉한 샌드위치,SuppliesCode,MA. 용품,1,10000
껌 낱개_프리벤티스(Preventeeth)_소형견용(S),SuppliesCode,MA. 용품,1,2000
더그린 치킨밀크스틱,SuppliesCode,MA. 용품,1,5000
Dental Care,SuppliesCode,MA. 용품,1,8000
Allergy Care,SuppliesCode,MA. 용품,1,8000
Senior Care,SuppliesCode,MA. 용품,1,8000
Natural Care,SuppliesCode,MA. 용품,1,8000
Hip&Joint Care,SuppliesCode,MA. 용품,1,8000
Slim Care,SuppliesCode,MA. 용품,1,8000
쮸뻬쿠키(당근맛),SuppliesCode,MA. 용품,1,12000
옷32,SuppliesCode,MA. 용품,1,32000
KARMA 가다랑어&치어,SuppliesCode,MA. 용품,1,1500
KARMA 가다랑어&라이스,SuppliesCode,MA. 용품,1,1500
KARMA 가다랑어&치킨,SuppliesCode,MA. 용품,1,1500
KARMA 가다랑어&연어,SuppliesCode,,1,1500
KARMA 가다랑어&헤어볼,SuppliesCode,,1,1500
Monge - 참치,SuppliesCode,,1,1500
Zupe - 시금치비스켓,SuppliesCode,,1,1200
Zupe - 고구마비스켓,SuppliesCode,,1,1200
옷 26,SuppliesCode,,1,26000
사이언스-cat-Hairball&Light(1.5kg),SuppliesCode,,1,23000
치즈 돈피 소프트,SuppliesCode,,1,3000
삼겹살 소고기+소간,SuppliesCode,,1,3000
소프트케이본,SuppliesCode,,1,5000
그리니즈 티니 43p,SuppliesCode,,1,28000
소고기콤보,SuppliesCode,,1,3000
강아지초유,SuppliesCode,,1,12000
글루타맥스포르테페이스트(glutamax forte paste)_고양이,SuppliesCode,,1,39000
로얄캐닌 처방식- canine anallergenic(dry3kg),SuppliesCode,,1,64900
옷SALE,SuppliesCode,,1,5000
바우와우 치즈볼,SuppliesCode,,1,3000
슈퍼터키-칠면조힘줄,SuppliesCode,,1,5000
오겹살 밀크돈피소프트,SuppliesCode,,1,3000
밀키츄 27P,SuppliesCode,,1,6000
밀키츄 15P,SuppliesCode,,1,6000
자동줄,SuppliesCode,,1,18000
밀키츄 6P,SuppliesCode,,1,4000
유앤미 고양이 샴푸,SuppliesCode,,1,10000
구루머 안구세정제,SuppliesCode,,1,8000
멀티케어솔루션(향수),SuppliesCode,,1,12000
엔자덴트 치약,SuppliesCode,,1,13000
엔자덴트 - 투스브러쉬set,SuppliesCode,,1,16000
바이오그룸 비터테이스트,SuppliesCode,,1,17000
장난감 - 야채삑삑이,SuppliesCode,,1,2000
장난감1000,SuppliesCode,,1,1000
페베 고양이_분유,SuppliesCode,,1,19000
바이오그룸 쿠들리키티샴푸,SuppliesCode,,1,15000
저스트 돼지고기,SuppliesCode,,1,3000
저스트 생선&돼지고기,SuppliesCode,,1,3000
Dr.Clauder's 치킨,SuppliesCode,,1,12000
Dr.Clauder's 오리,SuppliesCode,,1,12000
그리니즈 필포켓 타블렛,SuppliesCode,,1,12000
neuRX 유기농 프레쉬 치킨,SuppliesCode,,1,15000
neuRX 유기농 라이트,SuppliesCode,,1,15000
그리니즈 필포켓 캡슐,SuppliesCode,,1,18000
닭다리 장난감,SuppliesCode,,1,3000
로얄캐닌 처방식 - feline obesity (1.5kg),SuppliesCode,,1,28600
에버크린 모래,SuppliesCode,,1,21000
엔자덴트 핑거브러쉬set,SuppliesCode,,1,9900
덴타헥스오랄린스,SuppliesCode,,1,22000
팍슨(PAXON30정),SuppliesCode,,1,30000
메인터닌스 오럴젤,SuppliesCode,,1,24200
안티셉틱 오럴젤,SuppliesCode,,1,24200
하림/cat연어고기,SuppliesCode,,1,4000
닥터힐메딕스_W/C+(웨이트 컨트롤)_5kg,SuppliesCode,JG. 프루너스(Dr.healmedix),1,78000
닥터힐메딕스_W/C+(웨이트 컨트롤)_1.5kg,SuppliesCode,JG. 프루너스(Dr.healmedix),1,28000
닥터힐메딕스_U/K+(케이천)_5kg,SuppliesCode,JG. 프루너스(Dr.healmedix),1,82000
닥터힐메딕스_H/U(유리너리)_1.5kg,SuppliesCode,JG. 프루너스(Dr.healmedix),1,26000
닥터힐메딕스_D/H(헤파틱)_1.5kg,SuppliesCode,JG. 프루너스(Dr.healmedix),1,24000
약샴푸 - O/C 스프레이(Oatmeal conditioner),SuppliesCode,GD. 피부과약품,1,22000
biotene(antiseptic oral gel),SuppliesCode,KA. 치료보조제,1,22000
바이오텐(antiseptic oral gel),SuppliesCode,KA. 치료보조제,1,24200
바이오텐(maintenance oral gel),SuppliesCode,KA. 치료보조제,1,22000
약샴푸 - 세볼리틱,SuppliesCode,GD. 피부과약품,1,25300
칼시델리스,SuppliesCode,KA. 치료보조제,1,22000
펫-탑(60T),SuppliesCode,MA. 용품,1,19800
포티플렉스,SuppliesCode,KA. 치료보조제,1,42900
바이오틴(biotene)Maintenance Oral Gel,SuppliesCode,KA. 치료보조제,1,24200
Twist n Treat-S(행동치료보조),SuppliesCode,KA. 치료보조제,1,7000
Twist n Treat-M(행동치료보조),SuppliesCode,KA. 치료보조제,1,10000
Twist n Treat-L(행동치료보조),SuppliesCode,KA. 치료보조제,1,15000
Waggle Barbell-S(행동치료보조),SuppliesCode,KA. 치료보조제,1,7000
Waggle Barbell-M/L(행동치료보조),SuppliesCode,KA. 치료보조제,1,10000
Chuckle Barbell(행동치료보조),SuppliesCode,KA. 치료보조제,1,10000
Biscuit Bouncer-S(행동치료보조),SuppliesCode,KA. 치료보조제,1,7000
Biscuit Bouncer-M(행동치료보조),SuppliesCode,KA. 치료보조제,1,10000
Biscuit Bouncer-L(행동치료보조),SuppliesCode,KA. 치료보조제,1,15000
Hill's 처방식- canine a/d(can),SuppliesCode,KB. 힐스,1,4900
"Hill's 처방식- canine d/d(dry,1kg)",SuppliesCode,KB. 힐스,1,19800
"Hill's 처방식- canine d/d(can,whitefish&rice)",SuppliesCode,KB. 힐스,1,7150
Hill's 처방식- canine metabolic 메타볼릭 1.5(독),SuppliesCode,KB. 힐스,1,31000
"Hill's 처방식- canine h/d(dry,2kg)",SuppliesCode,KB. 힐스,1,36300
Hill's 처방식- canine h/d(can),SuppliesCode,KB. 힐스,1,6000
Hill's 처방식- canine k/d(can),SuppliesCode,KB. 힐스,1,6000
"Hill's 처방식- canine l/d(dry,1kg)",SuppliesCode,KB. 힐스,1,19800
"Hill's 처방식- canine l/d(dry,9kg)",SuppliesCode,KB. 힐스,1,95700
Hill's 처방식- canine l/d(can),SuppliesCode,KB. 힐스,1,6000
Hill's 처방식- canine n/d(can),SuppliesCode,KB. 힐스,1,8200
"Hill's 처방식- canine p/d(dry,1kg)",SuppliesCode,KB. 힐스,1,16500
Hill's 처방식- canine p/d(can),SuppliesCode,KB. 힐스,1,6000
"Hill's 처방식- canine r/d(dry,2kg)",SuppliesCode,KB. 힐스,1,36300
"Hill's 처방식- canine r/d(dry,7.9kg)",SuppliesCode,KB. 힐스,1,93500
칠면조 힘줄스틱,SuppliesCode,MA. 용품,1,10000
Anf 미트볼,SuppliesCode,MA. 용품,1,5000
참치연어 고양이수제캔,SuppliesCode,MA. 용품,1,3000
cat food/참치젤리,SuppliesCode,MA. 용품,1,1500
연어생선 슬라이스,SuppliesCode,MA. 용품,1,3000
소프트 사사미&생선샌드,SuppliesCode,MA. 용품,1,3000
사이언스-cat hairball control(2kg),SuppliesCode,JA. 힐스,1,25000
시그니처바이_p/a_반려견_박스(8개),SuppliesCode,KD. 퓨리나,1,12000
시그니처바이_p/a_반려묘_박스(8개),SuppliesCode,KD. 퓨리나,1,12000
시그니처바이_a/a_반려견_박스(8개),SuppliesCode,KD. 퓨리나,1,12000
시그니처바이_a/a_반려묘_박스(8개),SuppliesCode,KD. 퓨리나,1,12000
R/C 캣 가스트로인테스티날(Gastrointestinal) 2kg,SuppliesCode,KC. 로얄캐닌,1,38500
더마레이 컨디셔너(Dermallay spray),SuppliesCode,MA. 용품,1,22000
R/C 리퀴드 리커버리 / 가스트로인테스티날 3개,SuppliesCode,MA. 용품,1,55000
(독) 유리너리s/o,SuppliesCode,임시,1,37500
독 유리너리s/o 스몰독 4kg,SuppliesCode,MA. 용품,1,69000
Hill's 처방식- canine metabolic 메타볼릭 1.5(캣),SuppliesCode,임시,1,31000
R/C 독 하이포알러제닉(hypoallergenic) 스몰독 3.5kg,SuppliesCode,MA. 용품,1,76000
R/C로얄케닌 모빌리티 2kg,SuppliesCode,JG. 프루너스(Dr.healmedix),1,37000
캣 유리너리s/o 모더레이트칼로리,SuppliesCode,MA. 용품,1,30500
Hill's 처방식- canine metabolic 메타볼릭 3.5kg (독),SuppliesCode,MA. 용품,1,62000
R/C 독 카디악(Cardiac) 410g 캔,SuppliesCode,MA. 용품,1,7500
이어파우더,SuppliesCode,MA. 용품,1,6000
R/C 캣 레날스페셜 (Renal) 2kg,SuppliesCode,KC. 로얄캐닌,1,38500
수컷기저귀 소형견용,SuppliesCode,임시,1,2500
R/C 캣 얼리레날(Renal),SuppliesCode,MA. 용품,1,9000
퓨리나_NC (뉴로케어) ,SuppliesCode,KD. 퓨리나,1,37000
R/C 독 세타이어티(Satiety) small dog 3kg,SuppliesCode,MA. 용품,1,55000
,SuppliesCode,임시,1,60000
"[처방]넥칼라(연두, 7.5cm)",SuppliesCode,AC. 처방/조제비,1,7700
R/C 캣 레날 셀렉트 (Renal) 2kg,SuppliesCode,MA. 용품,1,38500
껌 박스_프리벤티스(Preventeeth)_대형견용(L),SuppliesCode,MA. 용품,1,20000
로얄캐닌 -- feline hepatic,SuppliesCode,AA. 진료비,1,35000
퓨리나_리브클리어 어덜트,SuppliesCode,MA. 용품,1,44000
퓨리나_HA (식이 알러지 관리) 1.5kg,SuppliesCode,JB. 퓨리나,1,34500
퓨리나_ DRM(문제성 피부관리) 1.5kg,SuppliesCode,JB. 퓨리나,1,35800
Purina JM_퓨리나 관절 질환 관리 (JM)_1.5kg,SuppliesCode,KD. 퓨리나,1,30500
퓨리나_UR (비뇨기계 결석 관리)1.5kg,SuppliesCode,JB. 퓨리나,1,30500
퓨리나_EN (소화계 문제 관리)_1.5kg,SuppliesCode,JB. 퓨리나,1,30500
퓨리나_NF (신장 기능 관리) 1.5kg,SuppliesCode,JB. 퓨리나,1,30500
Purina OM_퓨리나 과체중 관리 (OM)_1.5kg,SuppliesCode,JB. 퓨리나,1,30500
퓨리나_DM(혈당 관리) 1.5kg,SuppliesCode,JB. 퓨리나,1,30500
R/C 캣 헤파틱(Hepatic) 2kg,SuppliesCode,MA. 용품,1,38500
R/C 독 하이포알러제닉(hypoallergenic) 7kg,SuppliesCode,AC. 처방/조제비,1,120000
로얄캐닌-오랄 케어 1.5kg (캣),SuppliesCode,KC. 로얄캐닌,1,24000
스페시픽 - Healthy treats/다이어트간식,SuppliesCode,MA. 용품,1,11000
데크라(Dechra)_CPD(퍼피&마더) 1kg,SuppliesCode,MA. 용품,1,14900
데크라(Dechra)_CXD(어덜트) 1kg,SuppliesCode,MA. 용품,1,14900
R/C 독 가스트로인테스티날(Gastrointestinal) 로우팻 스몰독 1.5kg,SuppliesCode,JE. 로얄,1,30500
닥터스키놀/닥터덴톨 1 ea,SuppliesCode,MA. 용품,1,2000
퓨리나_팬시피스트 칠면조,SuppliesCode,MA. 용품,1,2400
닥터스키놀 이와뼈,SuppliesCode,MA. 용품,1,2000
R/C 캣 레날(Renal) 파우치(로프),SuppliesCode,KC. 로얄캐닌,1,2800
R/C 레날 스몰독 1.5kg,SuppliesCode,KC. 로얄캐닌,1,30500
스페시픽 - Hypoallergenic treats / 알러지 간식,SuppliesCode,MA. 용품,1,12100
시그니처바이_오라뮨-구강영양제(스토모액트),SuppliesCode,GB. 동물약품,1,38000
퓨리나(Purina) DM (당뇨),SuppliesCode,JB. 퓨리나,1,30500
퓨리나_HA (식이 알러지 관리) 3kg,SuppliesCode,JB. 퓨리나,1,62000
아나브러쉬 h/a 500 (가수분해 껌),SuppliesCode,MA. 용품,1,2500
R/C 캣 가스트로인테스티날(Gastrointestinal) 4kg,SuppliesCode,KC. 로얄캐닌,1,64000
R/C 독 가스트로 인테스티널 로우팻 퍼피 1kg,SuppliesCode,KC. 로얄캐닌,1,25500
베네핏 트릿_자라,SuppliesCode,KE. 에스틴,1,14000
베네핏 트릿_악어,SuppliesCode,KE. 에스틴,1,14000
베네핏 트릿_상어,SuppliesCode,KE. 에스틴,1,14000
베네핏 트릿_크릴,SuppliesCode,KE. 에스틴,1,14000
베네핏 트릿_캥거루,SuppliesCode,KE. 에스틴,1,14000
베네핏 트릿_타조,SuppliesCode,KE. 에스틴,1,14000
닥터힐메딕스_U/K+(케이천)_1.5kg,SuppliesCode,JG. 프루너스(Dr.healmedix),1,30000
닥터힐메딕스_H/U(유리너리)_5kg,SuppliesCode,JG. 프루너스(Dr.healmedix),1,74000
닥터힐메딕스_D/R(레날)_1.5kg,SuppliesCode,JG. 프루너스(Dr.healmedix),1,24000
닥터힐메딕스_D/L(로우팻)_1.5kg,SuppliesCode,JG. 프루너스(Dr.healmedix),1,24000
,SuppliesCode,KE. 에스틴,1,17000
베네핏 트릿_크릴바,SuppliesCode,KE. 에스틴,1,17000
닥터힐메딕스_아노레딕스(리커버리),SuppliesCode,JG. 프루너스(Dr.healmedix),1,34000
강아지 포티플로라 Fortiflora 30파우치 ,SuppliesCode,JB. 퓨리나,1,48000
고양이 포티플로라 Fortiflora 30파우치,SuppliesCode,KD. 퓨리나,1,48000
"w/d 370g캔(강아지,체중관리)",SuppliesCode,KB. 힐스,1,8200
플렉사딘 어드밴스드 개/고양이 ,SuppliesCode,KA. 치료보조제,1,37000
봉투,SuppliesCode,임시,1,100
질켄 Zylkene 75mg,SuppliesCode,MA. 용품,1,25000
닥터힐메딕스_D/C(카디악) 1.5kg,SuppliesCode,JG. 프루너스(Dr.healmedix),1,24000
어뎁틸 캄 리필 (48ml),SuppliesCode,KA. 치료보조제,1,30000
어뎁틸 캄 스타터 키트(전용리퓨저 & 리필),SuppliesCode,KA. 치료보조제,1,38000
캣 k/d 얼리서포트1.81kg (신장),SuppliesCode,JA. 힐스,1,43500
포티플로라 1파우치,SuppliesCode,AC. 처방/조제비,1,1700
퓨리나_키튼스타터,SuppliesCode,JB. 퓨리나,1,29000
퓨리나_키튼,SuppliesCode,JB. 퓨리나,1,29000
퓨리나_캣 프로플랜 파우치(살몬),SuppliesCode,JB. 퓨리나,1,2200
소화계 문제 관리,SuppliesCode,JB. 퓨리나,1,35500
질켄 Zylkene 225mg,SuppliesCode,MA. 용품,1,55000
R/C 미니 스타터 마더 앤 베이비독 1KG,SuppliesCode,KC. 로얄캐닌,1,19000
R/C 미니 인도어 퍼피1.5KG,SuppliesCode,JE. 로얄,1,26500
R/C 미니 퍼피 800g,SuppliesCode,JE. 로얄,1,15500
R/C 독 하이포알러제닉 퍼피 1.5kg,SuppliesCode,KC. 로얄캐닌,1,34500
R/C 미니 인도어 퍼피 3kg,SuppliesCode,KC. 로얄캐닌,1,46500
R/C 마더 앤 베이비캣 2kg,SuppliesCode,JE. 로얄,1,35500
R/C 독 아날러제닉스몰독 3kg,SuppliesCode,JE. 로얄,1,67000
세레니케어 Serenicare 30포 (10kg 미만 2달분),SuppliesCode,KA. 치료보조제,1,69000
퓨리나_리브클리어 인도어 (헤어볼),SuppliesCode,KA. 치료보조제,1,44000
스페시픽 당뇨다이어트 습식캔,SuppliesCode,MA. 용품,2,6600
보라) KLINIX 오큘릭스 (눈보조제),SuppliesCode,KA. 치료보조제,2,68200
오픈패독_트레이닝트릿,SuppliesCode,JB. 퓨리나,1,20000
R/C 독 아날러제닉 3kg,SuppliesCode,MA. 용품,2,73700
캣 유리너리 s/o_1.5kg,SuppliesCode,KC. 로얄캐닌,1,31500
캣 유리너리 s/o_3.5kg,SuppliesCode,KC. 로얄캐닌,1,62000
퓨리나_리브클리어 유리너리,SuppliesCode,JB. 퓨리나,1,44000
R/C 엑스스몰 어덜트,SuppliesCode,KC. 로얄캐닌,2,29150
오픈패독_내추럴스킨본,SuppliesCode,MA. 용품,1,14000
오픈패독_저키스트립,SuppliesCode,MA. 용품,1,17000
약용샴푸_미코클리딘,SuppliesCode,MA. 용품,2,24200
"Hill's 처방식- canine r/d(dry,12.5kg)",SuppliesCode,KB. 힐스,1,115000
Hill's 처방식- canine r/d(can),SuppliesCode,KB. 힐스,1,6000
Hill's 처방식- canine s/d(can),SuppliesCode,KB. 힐스,1,6000
"Hill's 처방식- canine t/d(dry,800g)",SuppliesCode,KB. 힐스,1,19800
"Hill's 처방식- canine u/d(dry,2kg)",SuppliesCode,KB. 힐스,1,36300
"Hill's 처방식- canine u/d(dry,3.85kg)",SuppliesCode,KB. 힐스,1,60500
Hill's 처방식- canine u/d(can),SuppliesCode,KB. 힐스,1,6000
"Hill's 처방식- canine w/d(dry,2kg)",SuppliesCode,KB. 힐스,1,36300
"Hill's 처방식- canine w/d(dry,3.85kg)",SuppliesCode,KB. 힐스,1,57200
"Hill's 처방식- canine w/d(dry,13.6kg)",SuppliesCode,KB. 힐스,1,115000
Hill's 처방식- canine w/d(can),SuppliesCode,KB. 힐스,1,6000
"Hill's 처방식- feline r/d(dry,1.8kg)",SuppliesCode,KB. 힐스,1,38500
"Hill's 처방식- feline s/d(dry,1.8kg)",SuppliesCode,KB. 힐스,1,38500
"Hill's 처방식- feline w/d(dry,1.81kg)",SuppliesCode,KB. 힐스,1,38500
로얄캐닌 처방식- canine intestinal(dry2kg),SuppliesCode,KC. 로얄캐닌,1,36300
로얄캐닌 처방식- canine obesity(dry1.5kg),SuppliesCode,KC. 로얄캐닌,1,28600
로얄캐닌 처방식- canine renal(dry2kg),SuppliesCode,KC. 로얄캐닌,1,36300
로얄캐닌 처방식- canine  low fat (dry1.5kg),SuppliesCode,KC. 로얄캐닌,1,28600
로얄캐닌 처방식- canine urinary(dry2kg),SuppliesCode,KC. 로얄캐닌,1,36300
로얄캐닌 처방식- canine urinary(7.5kg),SuppliesCode,KC. 로얄캐닌,1,97900
로얄캐닌 처방식- canine  cardiac(dry2kg),SuppliesCode,KC. 로얄캐닌,1,36300
로얄캐닌 처방식- canine satiety support(dry1.5kg),SuppliesCode,KC. 로얄캐닌,1,28600
로얄캐닌 처방식- canine sensitivity(dry1.5kg),SuppliesCode,KC. 로얄캐닌,1,28600
로얄캐닌 처방식- canine skin support(dry2kg),SuppliesCode,KC. 로얄캐닌,1,44000
로얄캐닌 처방식- canine low fat(moist),SuppliesCode,KC. 로얄캐닌,1,6000
로얄캐닌 처방식- canine  hepatic(dry1.5kg),SuppliesCode,KC. 로얄캐닌,1,28600
로얄캐닌 처방식- canine hepatic(moist),SuppliesCode,KC. 로얄캐닌,1,6000
로얄캐닌 처방식- canine weightcontrol(dry1.5),SuppliesCode,KC. 로얄캐닌,1,28600
로얄캐닌 처방식- feline intestinal(dry2kg),SuppliesCode,KC. 로얄캐닌,1,36300
로얄캐닌 처방식- canine obesity(6kg dry),SuppliesCode,KC. 로얄캐닌,2,77000
로얄캐닌 처방식- canine obesity (6kg),SuppliesCode,KC. 로얄캐닌,1,79200
로얄캐닌 처방식- feline renal(dry2kg),SuppliesCode,KC. 로얄캐닌,1,36300
로얄캐닌 처방식- feline renal(moist),SuppliesCode,KC. 로얄캐닌,1,2200
로얄캐닌 처방식- feline urinary(dry1.5kg),SuppliesCode,KC. 로얄캐닌,1,28600
로얄캐닌 처방식- feline urinary(moist),SuppliesCode,KC. 로얄캐닌,1,2200
로얄캐닌 처방식- feline youngMale(dry1.5kg),SuppliesCode,KC. 로얄캐닌,1,26400
시그니처바이_p/a_반려견_개당,SuppliesCode,KD. 퓨리나,1,1700
관절보조제_PHYCOX,SuppliesCode,KA. 치료보조제,1,20000
GLYCO-FLEX III(관절보조제),SuppliesCode,KA. 치료보조제,1,55000
Ultra-EFA(피부치료 보조제),SuppliesCode,KA. 치료보조제,1,7000
Canine Plus-Chicken(종합보조제),SuppliesCode,KA. 치료보조제,1,15000
Canine Plus-Senior(종합보조제),SuppliesCode,KA. 치료보조제,1,20000
사이언스-Adult (1kg),SuppliesCode,JA. 힐스,1,13000
사이언스-Adult 라이트 (1kg),SuppliesCode,JA. 힐스,1,14000
사이언스-mature Adult7+,SuppliesCode,JA. 힐스,1,13000
사이언스-Puppy (1kg),SuppliesCode,JA. 힐스,1,13000
사이언스-cat-Hairball control(1kg),SuppliesCode,JA. 힐스,1,15000
사이언스-Cat Kitten (1.kg),SuppliesCode,JA. 힐스,1,15000
사이언스-Cat Adult (1.5kg),SuppliesCode,JA. 힐스,1,23000
ANF-홀리스틱 칠면조 (1.36kg),SuppliesCode,JG. 프루너스(Dr.healmedix),1,14000
ANF-홀리스틱 양고기 (1.36kg),SuppliesCode,JG. 프루너스(Dr.healmedix),1,13000
ANF-오가닉 (800g),SuppliesCode,JG. 프루너스(Dr.healmedix),1,12000
프로플랜-토이브리드 Puppy,SuppliesCode,JB. 퓨리나,1,12000
프로플랜-Adult 스몰브리드 (1.3kg),SuppliesCode,JB. 퓨리나,1,13000
프로플랜-Puppy 스몰브리드 (1.3kg),SuppliesCode,JB. 퓨리나,1,13000
로얄캐닌-baby dog (1.kg),SuppliesCode,JE. 로얄,1,13000
로얄캐닌-indoor junior(1.5kg),SuppliesCode,JE. 로얄,1,21000
로얄캐닌-indoor adult (1.5kg),SuppliesCode,JE. 로얄,1,21000
로얄캐닌-indoor mature (1.5kg),SuppliesCode,JE. 로얄,1,21000
로얄캐닌-baby cat(2kg),SuppliesCode,JE. 로얄,1,30000
로얄캐닌-kitten36 (2kg),SuppliesCode,JE. 로얄,1,30000
로얄캐닌-cat FIT32(2kg),SuppliesCode,JE. 로얄,1,26000
로얄캐닌-cat Light(2kg),SuppliesCode,JE. 로얄,1,30000
로얄캐닌-cat Hairball(2kg),SuppliesCode,JE. 로얄,1,30000
벨벳/마이뷰(dog),SuppliesCode,KA. 치료보조제,1,22000
약샴푸-말라세덤 샴푸,SuppliesCode,GD. 피부과약품,1,22000
벨벳/마이뷰(cat),SuppliesCode,MA. 용품,1,25300
브리더 배변유도제,SuppliesCode,MA. 용품,1,7000
시그니처바이_p/a_반려묘_개당,SuppliesCode,KD. 퓨리나,1,1700
약샴푸-덤알레이오트밀컨디셔너,SuppliesCode,MA. 용품,1,22000
약샴푸-말아세틱컨디셔너,SuppliesCode,MA. 용품,1,22000
약샴푸-말아세틱샴푸,SuppliesCode,MA. 용품,1,22000
약샴푸-덤알레이오트밀샴푸,SuppliesCode,MA. 용품,1,22000
버박/에피오틱,SuppliesCode,MA. 용품,1,17600
약샴푸-케토클로,SuppliesCode,MA. 용품,1,25300
약샴푸-세보캄,SuppliesCode,MA. 용품,1,24200
약샴푸-말라세덤 린스,SuppliesCode,MA. 용품,1,17600
영양제-칼시데리스정,SuppliesCode,KA. 치료보조제,1,22000
버박/뉴트리플러스겔,SuppliesCode,MA. 용품,1,19800
간식 1,SuppliesCode,MA. 용품,1,1000
간식 2,SuppliesCode,MA. 용품,1,2000
간식 3,SuppliesCode,MA. 용품,1,3000
간식 4,SuppliesCode,MA. 용품,1,4000
간식 5,SuppliesCode,MA. 용품,1,5000
간식 6,SuppliesCode,MA. 용품,1,6000
간식 7,SuppliesCode,MA. 용품,1,7000
간식 8,SuppliesCode,MA. 용품,1,8000
간식 9,SuppliesCode,MA. 용품,1,9000
간식 10,SuppliesCode,MA. 용품,1,10000
간식 11,SuppliesCode,MA. 용품,1,11000
간식 12,SuppliesCode,MA. 용품,1,12000
간식 1.5,SuppliesCode,MA. 용품,1,1500
옷 10,SuppliesCode,MA. 용품,1,10000
옷 13,SuppliesCode,MA. 용품,1,13000
옷 14,SuppliesCode,MA. 용품,1,14000
옷 15,SuppliesCode,MA. 용품,1,15000
옷 16,SuppliesCode,MA. 용품,1,16000
옷 18,SuppliesCode,MA. 용품,1,18000
옷 20,SuppliesCode,MA. 용품,1,20000
옷 22,SuppliesCode,MA. 용품,1,22000
옷 24,SuppliesCode,MA. 용품,1,24000
옷 28,SuppliesCode,MA. 용품,1,28000
옷 30,SuppliesCode,MA. 용품,1,30000
방석 16,SuppliesCode,MA. 용품,1,16000
방석 18,SuppliesCode,MA. 용품,1,18000
방석 25,SuppliesCode,MA. 용품,1,25000
방석 28,SuppliesCode,MA. 용품,1,28000
방석 40,SuppliesCode,MA. 용품,1,40000
방석 45,SuppliesCode,MA. 용품,1,45000
가방 25,SuppliesCode,MA. 용품,1,25000
가방 30,SuppliesCode,MA. 용품,1,30000
가방 35,SuppliesCode,MA. 용품,1,35000
가방 40,SuppliesCode,MA. 용품,1,40000
가방 55,SuppliesCode,MA. 용품,1,55000
용품 1,SuppliesCode,MA. 용품,1,1000
용품 2,SuppliesCode,MA. 용품,1,2000
용품 3,SuppliesCode,MA. 용품,1,3000
용품 4,SuppliesCode,MA. 용품,1,4000
용품 5,SuppliesCode,MA. 용품,1,5000
용품 6,SuppliesCode,MA. 용품,1,6000
용품 7,SuppliesCode,MA. 용품,1,7000
용품 8,SuppliesCode,MA. 용품,1,8000
용품 9,SuppliesCode,MA. 용품,1,9000
용품 10,SuppliesCode,MA. 용품,1,10000
용품 12,SuppliesCode,MA. 용품,1,12000
용품 15,SuppliesCode,MA. 용품,1,15000
용품 18,SuppliesCode,MA. 용품,1,18000
용품 21,SuppliesCode,MA. 용품,1,21000
용품 22,SuppliesCode,MA. 용품,1,22000
용품 24,SuppliesCode,MA. 용품,1,24000
간식 2.5,SuppliesCode,MA. 용품,1,2500
용품 25,SuppliesCode,MA. 용품,1,25000
용품 27,SuppliesCode,MA. 용품,1,27000
용품 30,SuppliesCode,MA. 용품,1,30000
용품 34,SuppliesCode,MA. 용품,1,34000
용품 38,SuppliesCode,MA. 용품,1,38000
용품 40,SuppliesCode,MA. 용품,1,40000
용품 45,SuppliesCode,MA. 용품,1,45000
용품 60,SuppliesCode,MA. 용품,1,60000
로얄캐닌-푸들사료,SuppliesCode,JE. 로얄,1,23000
약샴푸-세보리틱,SuppliesCode,MA. 용품,1,24200
용품 14,SuppliesCode,MA. 용품,1,14000
로얄캐닌-indoor junior(4kg),SuppliesCode,JE. 로얄,1,45000
옷 12,SuppliesCode,MA. 용품,1,12000
간식 20,SuppliesCode,MA. 용품,1,20000
바이오틴(biotene) Antiseptic Oral Gel,SuppliesCode,KA. 치료보조제,1,24200
로얄캐닌-indoor adult (8kg),SuppliesCode,JE. 로얄,1,64000
로얄캐닌-cat indoor,SuppliesCode,JE. 로얄,1,30000
go 연어&오트밀 1.36kg,SuppliesCode,JL. go,1,18000
go 치킨 1.36kg,SuppliesCode,JL. go,1,18000
로얄캐닌-indoor adult (4kg),SuppliesCode,JE. 로얄,1,45000
간식3.5,SuppliesCode,MA. 용품,1,3500
용품17,SuppliesCode,MA. 용품,1,17000
i/d dry (9kg),SuppliesCode,KB. 힐스,1,95700
저알러지 간식(Hill`s 쿠키),SuppliesCode,KB. 힐스,1,15000
벨벳/마이뷰조인트(dog & cat),SuppliesCode,KA. 치료보조제,1,39600
로얄캐닌 처방식- 리커버리(둥근캔),SuppliesCode,KC. 로얄캐닌,1,6000
로얄캐닌 처방식- 리커버리,SuppliesCode,KC. 로얄캐닌,1,6000
제일바이오 알유플러스,SuppliesCode,KA. 치료보조제,1,33000
버박/앨러밀샴푸,SuppliesCode,MA. 용품,1,24200
go 치킨 13.6kg,SuppliesCode,JL. go,1,95000
go 치킨 11.34kg,SuppliesCode,JL. go,1,90000
ANF- 홀리스틱 양고기 (7.5KG),SuppliesCode,JG. 프루너스(Dr.healmedix),1,48000
약샴푸- Dermal soothe (소양증),SuppliesCode,GD. 피부과약품,1,11000
maxi junior(대형견)17kg,SuppliesCode,JE. 로얄,1,90000
